n_events,mc,b_linreg,a_linreg,r_squared,b_aki_mle,std_b_aki,mean_mag,mag_min,mag_max
1069,3.0,0.5908084394618387,5.189543289597336,0.9805936161795314,0.2671697077485044,0.003748177432480552,4.62553788587465,3.0,8.8
